,84000 ID
0,toh1-2
1,toh1-3
2,toh1-4
3,toh1-5
4,toh1-7
5,toh1-8
6,toh1-9
7,toh1-10
8,toh1-11
9,toh1-12
10,toh1-13
11,toh1-14
12,toh1-15
13,toh1-16
14,toh1-17
15,toh7
16,toh7a
17,toh8-1
18,toh8-2
19,toh10
20,toh15
21,toh16
22,toh17
23,toh18
24,toh19
25,toh20
26,toh22
27,toh23
28,toh24
29,toh25
30,toh26
31,toh27
32,toh28
33,toh29
34,toh30
35,toh40
36,toh41
37,toh42
38,toh44-1
39,toh44-2
40,toh44-3
41,toh44-4
42,toh44-5
43,toh44-6
44,toh44-7
45,toh44-8
46,toh44-9
47,toh44-10
48,toh44-11
49,toh44-12
50,toh44-13
51,toh44-14
52,toh44-15
53,toh44-16
54,toh44-17
55,toh44-18
56,toh44-19
57,toh44-20
58,toh44-21
59,toh44-22
60,toh44-23
61,toh44-24
62,toh44-25
63,toh44-26
64,toh44-27
65,toh44-28
66,toh44-29
67,toh44-30
68,toh44-31
69,toh44-32
70,toh44-33
71,toh44-34
72,toh44-35
73,toh44-36
74,toh44-37
75,toh44-38
76,toh44-39
77,toh44-40
78,toh44-41
79,toh44-42
80,toh44-43
81,toh44-44
82,toh44-45
83,toh44-45a
84,toh48
85,toh51
86,toh55
87,toh57
88,toh58
89,toh61
90,toh64
91,toh106
92,toh110
93,toh123
94,toh125
95,toh135
96,toh137
97,toh140
98,toh141
99,toh143
100,toh149
101,toh168
102,toh172
103,toh174
104,toh187
105,toh192
106,toh206
107,toh207
108,toh210
109,toh211
110,toh216
111,toh236
112,toh237
113,toh241
114,toh243
115,toh250
116,toh251
117,toh252
118,toh254
119,toh255
120,toh256
121,toh261
122,toh262
123,toh263
124,toh264
125,toh265
126,toh266
127,toh268
128,toh270
129,toh279
130,toh280
131,toh281
132,toh282
133,toh284
134,toh285
135,toh296
136,toh297
137,toh302
138,toh303
139,toh305
140,toh308
141,toh310
142,toh311
143,toh313
144,toh314
145,toh315
146,toh316
147,toh318
148,toh321
149,toh322
150,toh323
151,toh324
152,toh328
153,toh329
154,toh331
155,toh335
156,toh336
157,toh337
158,toh338
159,toh339
160,toh340
161,toh341
162,toh342
163,toh350
164,toh352
165,toh353
166,toh355
167,toh356
168,toh357
169,toh359
170,toh366
171,toh417
172,toh433
173,toh434
174,toh452
175,toh456
176,toh460a
177,toh469
178,toh471
179,toh505a
180,toh508
181,toh509
182,toh516
183,toh519
184,toh521
185,toh522
186,toh524
187,toh528
188,toh532
189,toh533
190,toh534
191,toh535
192,toh536
193,toh537
194,toh538
195,toh539
196,toh539a
197,toh539b
198,toh539c
199,toh539d
200,toh539e
201,toh539f
202,toh540
203,toh541
204,toh546
205,toh547
206,toh548
207,toh549
208,toh550
209,toh551
210,toh552
211,toh557
212,toh560
213,toh566
214,toh568
215,toh571
216,toh572
217,toh573
218,toh575
219,toh576
220,toh577
221,toh578
222,toh579
223,toh580
224,toh581
225,toh582
226,toh583
227,toh584
228,toh585
229,toh586
230,toh587
231,toh588
232,toh589
233,toh590
234,toh592
235,toh593
236,toh595
237,toh596
238,toh600
239,toh601
240,toh602
241,toh603
242,toh604
243,toh605
244,toh607
245,toh613
246,toh618
247,toh619
248,toh620
249,toh622
250,toh623
251,toh624
252,toh626
253,toh627
254,toh629
255,toh630
256,toh632
257,toh634
258,toh635
259,toh636
260,toh637
261,toh638
262,toh639
263,toh640
264,toh641
265,toh642
266,toh645
267,toh646
268,toh647
269,toh649
270,toh651
271,toh652
272,toh655
273,toh659
274,toh661
275,toh662
276,toh663
277,toh664
278,toh665
279,toh668
280,toh670
281,toh671
282,toh672
283,toh673
284,toh673a
285,toh674
286,toh675
287,toh677
288,toh678
289,toh679
290,toh680
291,toh683
292,toh688
293,toh690
294,toh695
295,toh696
296,toh697
297,toh698
298,toh705
299,toh706
300,toh709
301,toh710
302,toh711
303,toh712
304,toh713
305,toh714
306,toh715
307,toh716
308,toh717
309,toh720
310,toh722
311,toh727
312,toh728
313,toh729
314,toh730
315,toh731
316,toh732
317,toh733
318,toh734
319,toh735
320,toh736
321,toh737
322,toh738
323,toh742
324,toh743
325,toh744a
326,toh749
327,toh753
328,toh755
329,toh756
330,toh759
331,toh760
332,toh761
333,toh762
334,toh763
335,toh768
336,toh769
337,toh771
338,toh775
339,toh776
340,toh777
341,toh778
342,toh779
343,toh780
344,toh781
345,toh782
346,toh783
347,toh784
348,toh785
349,toh786
350,toh787
351,toh788
352,toh789
353,toh790
354,toh791
355,toh792
356,toh793
357,toh794
358,toh795
359,toh796
360,toh797
361,toh798
362,toh799
363,toh800
364,toh801
365,toh802
366,toh803
367,toh805
368,toh806
369,toh807
370,toh808
371,toh811
372,toh813
373,toh814
374,toh815
375,toh816
376,toh817
377,toh818
378,toh819
379,toh820
380,toh821
381,toh822
382,toh823
383,toh824
384,toh825
385,toh829
386,toh831
387,toh832
388,toh834
389,toh835
390,toh836
391,toh837
392,toh838
393,toh839
394,toh841-1
395,toh841-2
396,toh841-3
397,toh841-4
398,toh841-5
399,toh841-6
400,toh841-7
401,toh841-8
402,toh841a
403,toh842
404,toh844
405,toh845-1
406,toh845-2
407,toh845-3
408,toh845-4
409,toh845-5
410,toh846
411,toh846a
412,toh862
413,toh865
414,toh891
415,toh953
416,toh987
417,toh1024
418,toh1059
419,toh1059a
420,toh1066
421,toh1067
422,toh1090
423,toh1091
424,toh1096
425,toh1107
426,toh4568-1
427,toh4568-2
428,toh4568-3
429,toh4568-4
430,toh4568-5
