,Toh
0,toh1-1
1,toh1-2
2,toh1-3
3,toh1-4
4,toh1-5
5,toh1-6
6,toh1-7
7,toh1-8
8,toh1-9
9,toh1-10
10,toh1-11
11,toh1-12
12,toh1-13
13,toh1-14
14,toh1-15
15,toh1-16
16,toh1-17
17,toh7
18,toh7a
19,toh8-1
20,toh8-2
21,toh10
22,toh15
23,toh16
24,toh17
25,toh489
26,toh18
27,toh19
28,toh554
29,toh20
30,toh491
31,toh22
32,toh530
33,toh23
34,toh24
35,toh25
36,toh553
37,toh26
38,toh27
39,toh28
40,toh29
41,toh30
42,toh40
43,toh41
44,toh42
45,toh44-1
46,toh44-2
47,toh44-3
48,toh44-4
49,toh44-5
50,toh44-6
51,toh44-7
52,toh44-8
53,toh44-9
54,toh44-10
55,toh44-11
56,toh44-12
57,toh44-13
58,toh44-14
59,toh44-15
60,toh44-16
61,toh44-17
62,toh44-18
63,toh44-19
64,toh44-20
65,toh44-21
66,toh44-22
67,toh44-23
68,toh44-24
69,toh44-25
70,toh44-26
71,toh44-27
72,toh44-28
73,toh44-29
74,toh44-30
75,toh44-31
76,toh44-32
77,toh44-33
78,toh44-34
79,toh44-35
80,toh44-36
81,toh44-37
82,toh44-38
83,toh44-39
84,toh44-40
85,toh44-41
86,toh44-42
87,toh44-43
88,toh44-44
89,toh44-45
90,toh44-45a
91,toh1095
92,toh48
93,toh51
94,toh55
95,toh57
96,toh58
97,toh61
98,toh64
99,toh84
100,toh106
101,toh110
102,toh119
103,toh122
104,toh123
105,toh125
106,toh135
107,toh137
108,toh140
109,toh525
110,toh141
111,toh526
112,toh916
113,toh143
114,toh611
115,toh918
116,toh149
117,toh168
118,toh172
119,toh174
120,toh186
121,toh187
122,toh192
123,toh193
124,toh739
125,toh194
126,toh206
127,toh207
128,toh210
129,toh211
130,toh520
131,toh980
132,toh216
133,toh236
134,toh237
135,toh241
136,toh243
137,toh250
138,toh251
139,toh252
140,toh254
141,toh255
142,toh256
143,toh261
144,toh262
145,toh263
146,toh264
147,toh265
148,toh266
149,toh267
150,toh268
151,toh270
152,toh512
153,toh852
154,toh279
155,toh280
156,toh281
157,toh282
158,toh283
159,toh284
160,toh285
161,toh287
162,toh296
163,toh297
164,toh300
165,toh302
166,toh303
167,toh305
168,toh308
169,toh310
170,toh311
171,toh312
172,toh313
173,toh314
174,toh315
175,toh316
176,toh318
177,toh321
178,toh322
179,toh323
180,toh324
181,toh325
182,toh328
183,toh329
184,toh331
185,toh335
186,toh336
187,toh337
188,toh338
189,toh339
190,toh340
191,toh341
192,toh342
193,toh350
194,toh352
195,toh353
196,toh355
197,toh356
198,toh357
199,toh359
200,toh366
201,toh378
202,toh417
203,toh433
204,toh434
205,toh438
206,toh452
207,toh456
208,toh460a
209,toh952
210,toh469
211,toh471
212,toh505a
213,toh508
214,toh509
215,toh920
216,toh516
217,toh886
218,toh519
219,toh979
220,toh521
221,toh981
222,toh522
223,toh848
224,toh524
225,toh977
226,toh528
227,toh858
228,toh532
229,toh873
230,toh533
231,toh860
232,toh534
233,toh861
234,toh535
235,toh868
236,toh536
237,toh869
238,toh537
239,toh870
240,toh538
241,toh1068
242,toh539
243,toh1069
244,toh539a
245,toh1070
246,toh539b
247,toh1071
248,toh539c
249,toh1072
250,toh539d
251,toh1073
252,toh539e
253,toh774
254,toh1074
255,toh539f
256,toh866
257,toh540
258,toh1078
259,toh541
260,toh931
261,toh546
262,toh893
263,toh547
264,toh548
265,toh894
266,toh549
267,toh895
268,toh550
269,toh896
270,toh551
271,toh552
272,toh557
273,toh560
274,toh565
275,toh566
276,toh568
277,toh1004
278,toh571
279,toh990
280,toh572
281,toh993
282,toh573
283,toh996
284,toh575
285,toh917
286,toh576
287,toh932
288,toh577
289,toh933
290,toh578
291,toh934
292,toh579
293,toh935
294,toh580
295,toh936
296,toh581
297,toh937
298,toh582
299,toh938
300,toh583
301,toh939
302,toh584
303,toh940
304,toh585
305,toh941
306,toh586
307,toh942
308,toh587
309,toh943
310,toh588
311,toh944
312,toh589
313,toh945
314,toh590
315,toh985
316,toh592
317,toh986
318,toh593
319,toh595
320,toh596
321,toh600
322,toh962
323,toh601
324,toh884
325,toh602
326,toh921
327,toh603
328,toh913
329,toh604
330,toh605
331,toh607
332,toh613
333,toh989
334,toh618
335,toh967
336,toh619
337,toh1008
338,toh620
339,toh1018
340,toh622
341,toh1014
342,toh623
343,toh1015
344,toh624
345,toh1017
346,toh626
347,toh1019
348,toh627
349,toh1052
350,toh629
351,toh961
352,toh630
353,toh1010
354,toh632
355,toh634
356,toh874
357,toh635
358,toh875
359,toh636
360,toh876
361,toh637
362,toh877
363,toh638
364,toh878
365,toh639
366,toh879
367,toh640
368,toh880
369,toh641
370,toh881
371,toh642
372,toh645
373,toh646
374,toh1080
375,toh647
376,toh1079
377,toh649
378,toh1077
379,toh651
380,toh1040
381,toh652
382,toh863
383,toh655
384,toh959
385,toh659
386,toh1065
387,toh661
388,toh998
389,toh662
390,toh1007
391,toh663
392,toh664
393,toh665
394,toh1084
395,toh668
396,toh1085
397,toh670
398,toh1087
399,toh671
400,toh672
401,toh1088
402,toh673
403,toh1089
404,toh673a
405,toh674
406,toh849
407,toh675
408,toh677
409,toh864
410,toh678
411,toh867
412,toh679
413,toh851
414,toh680
415,toh889
416,toh683
417,toh688
418,toh902
419,toh690
420,toh695
421,toh911
422,toh696
423,toh910
424,toh697
425,toh905
426,toh698
427,toh908
428,toh705
429,toh900
430,toh706
431,toh709
432,toh978
433,toh710
434,toh930
435,toh711
436,toh1042
437,toh712
438,toh1043
439,toh713
440,toh1044
441,toh714
442,toh1045
443,toh715
444,toh1046
445,toh716
446,toh1047
447,toh717
448,toh1048
449,toh720
450,toh1041
451,toh722
452,toh812
453,toh1094
454,toh727
455,toh1000
456,toh728
457,toh729
458,toh1001
459,toh730
460,toh1002
461,toh731
462,toh732
463,toh992
464,toh733
465,toh906
466,toh734
467,toh968
468,toh735
469,toh994
470,toh736
471,toh995
472,toh737
473,toh960
474,toh738
475,toh1092
476,toh742
477,toh1036
478,toh743
479,toh1009
480,toh744a
481,toh749
482,toh950
483,toh753
484,toh955
485,toh755
486,toh957
487,toh756
488,toh759
489,toh964
490,toh760
491,toh965
492,toh761
493,toh762
494,toh763
495,toh966
496,toh768
497,toh973
498,toh769
499,toh971
500,toh771
501,toh972
502,toh775
503,toh1075
504,toh776
505,toh1076
506,toh777
507,toh1011
508,toh778
509,toh1012
510,toh779
511,toh1049
512,toh780
513,toh1031
514,toh781
515,toh1032
516,toh782
517,toh1013
518,toh783
519,toh1060
520,toh784
521,toh1021
522,toh785
523,toh1022
524,toh786
525,toh1023
526,toh787
527,toh1025
528,toh788
529,toh1026
530,toh789
531,toh1027
532,toh790
533,toh1028
534,toh791
535,toh1033
536,toh792
537,toh1034
538,toh793
539,toh1029
540,toh794
541,toh1030
542,toh795
543,toh1051
544,toh796
545,toh1035
546,toh797
547,toh1053
548,toh798
549,toh1054
550,toh799
551,toh1055
552,toh800
553,toh1056
554,toh801
555,toh1057
556,toh802
557,toh1058
558,toh803
559,toh1050
560,toh805
561,toh806
562,toh807
563,toh808
564,toh811
565,toh813
566,toh1098
567,toh814
568,toh1099
569,toh815
570,toh816
571,toh817
572,toh1101
573,toh818
574,toh1102
575,toh819
576,toh1100
577,toh820
578,toh821
579,toh1104
580,toh822
581,toh1105
582,toh823
583,toh1106
584,toh824
585,toh825
586,toh829
587,toh830
588,toh831
589,toh832
590,toh834
591,toh835
592,toh836
593,toh837
594,toh838
595,toh839
596,toh841-1
597,toh841-2
598,toh841-3
599,toh841-4
600,toh841-5
601,toh841-6
602,toh841-7
603,toh841-8
604,toh841a
605,toh842
606,toh844
607,toh845-1
608,toh845-2
609,toh845-3
610,toh845-4
611,toh845-5
612,toh846
613,toh846a
614,toh862
615,toh865
616,toh891
617,toh953
618,toh987
619,toh1024
620,toh1059
621,toh1059a
622,toh1066
623,toh1067
624,toh1090
625,toh1091
626,toh1096
627,toh1107
628,toh4568-1
629,toh4568-2
630,toh4568-3
631,toh4568-4
632,toh4568-5
